d15e3019-60b0-11de-be1e-0030485903e8;б╡ммхжэйю;бхммхжйюъ
d15e301a-60b0-11de-be1e-0030485903e8;бнкхмяэйю;бнкшмяйюъ
d15e301b-60b0-11de-be1e-0030485903e8;дм╡опноерпнбяэйю;дмеопноерпнбяйюъ
d15e301c-60b0-11de-be1e-0030485903e8;днмежэйю;днмежйюъ
d15e301d-60b0-11de-be1e-0030485903e8;фхрнлхпяэйю;фхрнлхпяйюъ
d15e301e-60b0-11de-be1e-0030485903e8;гюйюпоюряэйю;гюйюпоюряйюъ
d15e301f-60b0-11de-be1e-0030485903e8;гюонп╡гэйю;гюонпнфяйюъ
d15e3020-60b0-11de-be1e-0030485903e8;╡бюмн-тпюмй╡бяэйю;хбюмн-тпюмйнбяйюъ
d15e3021-60b0-11de-be1e-0030485903e8;йх╞бяэйю;йхебяйюъ
d15e3022-60b0-11de-be1e-0030485903e8;й╡пнбнцпюдяэйю;йхпнбнцпюдяйюъ
d15e3018-60b0-11de-be1e-0030485903e8;йПХЛ;юБРНМНЛМЮЪ пЕЯОСАКХЙЮ йПШЛ
d15e3023-60b0-11de-be1e-0030485903e8;ксцюмяэйю;ксцюмяйюъ
d15e3024-60b0-11de-be1e-0030485903e8;кэб╡бяэйю;кэбнбяйюъ
d15e3025-60b0-11de-be1e-0030485903e8;лхйнкю╞бяэйю;мхйнкюебяйюъ
d15e3026-60b0-11de-be1e-0030485903e8;ндеяэйю;ндеяяйюъ
d15e3027-60b0-11de-be1e-0030485903e8;онкрюбяэйю;онкрюбяйюъ
d15e3028-60b0-11de-be1e-0030485903e8;п╡бмемяэйю;пнбемяйюъ
d15e302a-60b0-11de-be1e-0030485903e8;ясляэйю;ясляйюъ
d15e302b-60b0-11de-be1e-0030485903e8;репмно╡кэяэйю;репмнонкэяйюъ
d15e302c-60b0-11de-be1e-0030485903e8;уюпй╡бяэйю;уюпэйнбяйюъ
d15e302d-60b0-11de-be1e-0030485903e8;уепянмяэйю;уепянмяйюъ
d15e302e-60b0-11de-be1e-0030485903e8;улекэмхжэйю;улекэмхжйюъ
d15e302f-60b0-11de-be1e-0030485903e8;вепйюяэйю;вепйюяяйюъ
d15e3030-60b0-11de-be1e-0030485903e8;вепм╡бежэйю;вепмнбхжйюъ
d15e3031-60b0-11de-be1e-0030485903e8;вепм╡ц╡бяэйю;вепмхцнбяйюъ
